{
  "meta": {
    "source": "public/Draft Valuation.xlsx",
    "metric": "career Win Shares (negatives floored at 0)",
    "classes": [
      2003,
      2024
    ],
    "n_years": 22,
    "method": "within-year value share, averaged across classes; smooth fit normalized so pick 1 = 1.0",
    "best_fit_form": "hybrid",
    "best_fit_params": [
      0.054006,
      0.130868,
      0.031775
    ],
    "best_fit_r2": 0.8916,
    "vs_app_curve": {
      "pearson_r": 0.9983,
      "rmse": 0.0767,
      "mae": 0.0755
    }
  },
  "curves": {
    "model_fit": {
      "1": 1.0,
      "2": 0.88472,
      "3": 0.81276,
      "4": 0.75825,
      "5": 0.71339,
      "6": 0.67479,
      "7": 0.64063,
      "8": 0.60984,
      "9": 0.58173,
      "10": 0.55582,
      "11": 0.53176,
      "12": 0.5093,
      "13": 0.48823,
      "14": 0.46839,
      "15": 0.44967,
      "16": 0.43194,
      "17": 0.41512,
      "18": 0.39914,
      "19": 0.38393,
      "20": 0.36944,
      "21": 0.35561,
      "22": 0.34239,
      "23": 0.32976,
      "24": 0.31767,
      "25": 0.3061,
      "26": 0.29501,
      "27": 0.28437,
      "28": 0.27417,
      "29": 0.26438,
      "30": 0.25498,
      "31": 0.24594,
      "32": 0.23726,
      "33": 0.22892,
      "34": 0.2209,
      "35": 0.21318,
      "36": 0.20575,
      "37": 0.1986,
      "38": 0.19172,
      "39": 0.18509,
      "40": 0.17871,
      "41": 0.17256,
      "42": 0.16664,
      "43": 0.16093,
      "44": 0.15543,
      "45": 0.15013,
      "46": 0.14501,
      "47": 0.14008,
      "48": 0.13533,
      "49": 0.13074,
      "50": 0.12632,
      "51": 0.12205,
      "52": 0.11793,
      "53": 0.11396,
      "54": 0.11013,
      "55": 0.10643,
      "56": 0.10286,
      "57": 0.09941,
      "58": 0.09608,
      "59": 0.09287,
      "60": 0.08977
    },
    "empirical_mean": {
      "1": 1.0,
      "2": 0.62349,
      "3": 0.91088,
      "4": 0.79288,
      "5": 0.62755,
      "6": 0.49669,
      "7": 0.64299,
      "8": 0.41131,
      "9": 0.63386,
      "10": 0.45253,
      "11": 0.48837,
      "12": 0.56695,
      "13": 0.41879,
      "14": 0.35664,
      "15": 0.473,
      "16": 0.30498,
      "17": 0.35937,
      "18": 0.40091,
      "19": 0.37743,
      "20": 0.29455,
      "21": 0.45942,
      "22": 0.40188,
      "23": 0.23611,
      "24": 0.32966,
      "25": 0.29082,
      "26": 0.29031,
      "27": 0.40065,
      "28": 0.1987,
      "29": 0.19875,
      "30": 0.39663,
      "31": 0.211,
      "32": 0.21853,
      "33": 0.20953,
      "34": 0.13703,
      "35": 0.29213,
      "36": 0.20423,
      "37": 0.13222,
      "38": 0.24594,
      "39": 0.20646,
      "40": 0.15054,
      "41": 0.23177,
      "42": 0.15458,
      "43": 0.14174,
      "44": 0.07468,
      "45": 0.20069,
      "46": 0.12872,
      "47": 0.15151,
      "48": 0.11673,
      "49": 0.08769,
      "50": 0.07345,
      "51": 0.09484,
      "52": 0.1057,
      "53": 0.02761,
      "54": 0.02553,
      "55": 0.08181,
      "56": 0.06047,
      "57": 0.12004,
      "58": 0.05013,
      "59": 0.00174,
      "60": 0.05463
    },
    "empirical_median": {
      "1": 1.0,
      "2": 0.48102,
      "3": 1.09641,
      "4": 0.73458,
      "5": 0.6551,
      "6": 0.48814,
      "7": 0.69448,
      "8": 0.34925,
      "9": 0.47053,
      "10": 0.30661,
      "11": 0.38443,
      "12": 0.52378,
      "13": 0.21852,
      "14": 0.37812,
      "15": 0.37172,
      "16": 0.18643,
      "17": 0.27818,
      "18": 0.28972,
      "19": 0.37311,
      "20": 0.27832,
      "21": 0.36694,
      "22": 0.25659,
      "23": 0.24931,
      "24": 0.20026,
      "25": 0.14707,
      "26": 0.2619,
      "27": 0.31601,
      "28": 0.11226,
      "29": 0.0403,
      "30": 0.19296,
      "31": 0.09414,
      "32": 0.07577,
      "33": 0.07584,
      "34": 0.01896,
      "35": 0.11342,
      "36": 0.04092,
      "37": 0.07853,
      "38": 0.08431,
      "39": 0.0114,
      "40": 0.06474,
      "41": 0.0113,
      "42": 0.00477,
      "43": 0.00626,
      "44": 0.01621,
      "45": 0.10006,
      "46": 0.00223,
      "47": 0.01076,
      "48": 0.00769,
      "49": 0.0,
      "50": 0.0,
      "51": 0.0,
      "52": 0.00891,
      "53": 0.0,
      "54": 0.0,
      "55": 0.0,
      "56": 0.0,
      "57": 0.0,
      "58": 0.0021,
      "59": 0.0,
      "60": 0.0
    },
    "raw_mean_biased": {
      "1": 1.0,
      "2": 0.57472,
      "3": 0.90746,
      "4": 0.78656,
      "5": 0.63623,
      "6": 0.43733,
      "7": 0.62223,
      "8": 0.32379,
      "9": 0.57667,
      "10": 0.40268,
      "11": 0.41039,
      "12": 0.42371,
      "13": 0.33389,
      "14": 0.31457,
      "15": 0.42652,
      "16": 0.25758,
      "17": 0.30766,
      "18": 0.33974,
      "19": 0.31874,
      "20": 0.22372,
      "21": 0.34675,
      "22": 0.33531,
      "23": 0.23258,
      "24": 0.34302,
      "25": 0.26928,
      "26": 0.29206,
      "27": 0.37201,
      "28": 0.17798,
      "29": 0.1615,
      "30": 0.3697,
      "31": 0.16371,
      "32": 0.14492,
      "33": 0.19642,
      "34": 0.1295,
      "35": 0.26015,
      "36": 0.16826,
      "37": 0.13721,
      "38": 0.16814,
      "39": 0.13331,
      "40": 0.13455,
      "41": 0.19704,
      "42": 0.1615,
      "43": 0.14514,
      "44": 0.04494,
      "45": 0.22053,
      "46": 0.12524,
      "47": 0.14962,
      "48": 0.10849,
      "49": 0.08917,
      "50": 0.0702,
      "51": 0.09555,
      "52": 0.03235,
      "53": 0.00993,
      "54": 0.01579,
      "55": 0.07029,
      "56": 0.08336,
      "57": 0.06577,
      "58": 0.02296,
      "59": 0.00087,
      "60": 0.06401
    },
    "app_curve": {
      "1": 1.0,
      "2": 0.84007,
      "3": 0.7516,
      "4": 0.6895,
      "5": 0.64183,
      "6": 0.60223,
      "7": 0.56745,
      "8": 0.53702,
      "9": 0.50913,
      "10": 0.48013,
      "11": 0.45108,
      "12": 0.42505,
      "13": 0.4007,
      "14": 0.37892,
      "15": 0.35868,
      "16": 0.34123,
      "17": 0.32595,
      "18": 0.31275,
      "19": 0.29943,
      "20": 0.28758,
      "21": 0.27428,
      "22": 0.26237,
      "23": 0.24967,
      "24": 0.2383,
      "25": 0.22705,
      "26": 0.21682,
      "27": 0.20703,
      "28": 0.19608,
      "29": 0.18613,
      "30": 0.17563,
      "31": 0.15018,
      "32": 0.14385,
      "33": 0.13697,
      "34": 0.1311,
      "35": 0.125,
      "36": 0.11983,
      "37": 0.11443,
      "38": 0.1097,
      "39": 0.10373,
      "40": 0.0994,
      "41": 0.0951,
      "42": 0.09053,
      "43": 0.08663,
      "44": 0.0824,
      "45": 0.07825,
      "46": 0.0741,
      "47": 0.06998,
      "48": 0.0659,
      "49": 0.06215,
      "50": 0.05815,
      "51": 0.05445,
      "52": 0.05108,
      "53": 0.04745,
      "54": 0.0435,
      "55": 0.03955,
      "56": 0.0369,
      "57": 0.03333,
      "58": 0.02947,
      "59": 0.02625,
      "60": 0.02242
    }
  },
  "robustness_variants": {
    "WS  all (2003-24)": {
      "1": 1.0,
      "2": 0.88472,
      "3": 0.81276,
      "4": 0.75825,
      "5": 0.71339,
      "6": 0.67479,
      "7": 0.64063,
      "8": 0.60984,
      "9": 0.58173,
      "10": 0.55582,
      "11": 0.53176,
      "12": 0.5093,
      "13": 0.48823,
      "14": 0.46839,
      "15": 0.44967,
      "16": 0.43194,
      "17": 0.41512,
      "18": 0.39914,
      "19": 0.38393,
      "20": 0.36944,
      "21": 0.35561,
      "22": 0.34239,
      "23": 0.32976,
      "24": 0.31767,
      "25": 0.3061,
      "26": 0.29501,
      "27": 0.28437,
      "28": 0.27417,
      "29": 0.26438,
      "30": 0.25498,
      "31": 0.24594,
      "32": 0.23726,
      "33": 0.22892,
      "34": 0.2209,
      "35": 0.21318,
      "36": 0.20575,
      "37": 0.1986,
      "38": 0.19172,
      "39": 0.18509,
      "40": 0.17871,
      "41": 0.17256,
      "42": 0.16664,
      "43": 0.16093,
      "44": 0.15543,
      "45": 0.15013,
      "46": 0.14501,
      "47": 0.14008,
      "48": 0.13533,
      "49": 0.13074,
      "50": 0.12632,
      "51": 0.12205,
      "52": 0.11793,
      "53": 0.11396,